age_group,attack_rate_r2_0,mortality_rate,symptomatic_pct,symptomatic_requring_hospital_pct,hospitalised_requiring_critical_care,ifr,critical_care_nasal,critical_care_ventilation_noninvasive,critical_care_ventilation_invasive,critical_care_ventilation_prone,critical_care_ecmo,critical_care_renal_replacement,critical_care_vasoconstrictive,critical_care_antiviral,critical_care_antibacterial,critical_care_glucocorticiods,critical_care_immunoglobulin
0-9,0.7455947,0.001221746,0.66,0.001,0.05,0.00002,0.635,0.56,0.42,0.115,0.115,0.17,0.35,0.44,0.94,0.58,0.54
10-19,0.921536,0.000371,0.66,0.003,0.05,0.00006,0.635,0.56,0.42,0.115,0.115,0.17,0.35,0.44,0.94,0.58,0.54
20-29,0.7852068,0.000778502,0.66,0.012,0.05,0.00003,0.635,0.56,0.42,0.115,0.115,0.17,0.35,0.44,0.94,0.58,0.54
30-39,0.7165829,0.001909618,0.66,0.032,0.05,0.0008,0.635,0.56,0.42,0.115,0.115,0.17,0.35,0.44,0.94,0.58,0.54
40-49,0.5448606,0.004547655,0.66,0.049,0.063,0.0015,0.635,0.56,0.42,0.115,0.115,0.17,0.35,0.44,0.94,0.58,0.54
50-59,0.5448606,0.010097429,0.66,0.102,0.122,0.006,0.635,0.56,0.42,0.115,0.115,0.17,0.35,0.44,0.94,0.58,0.54
60-69,0.420623,0.024974712,0.66,0.166,0.274,0.022,0.635,0.56,0.42,0.115,0.115,0.17,0.35,0.44,0.94,0.58,0.54
70-79,0.420623,0.068508429,0.66,0.243,0.432,0.051,0.635,0.56,0.42,0.115,0.115,0.17,0.35,0.44,0.94,0.58,0.54
80+,0.420623,0.276032936,0.66,0.273,0.709,0.093,0.635,0.56,0.42,0.115,0.115,0.17,0.35,0.44,0.94,0.58,0.54
